ID,Name,Type,Serving,Serving Size,Headline,Intensity,Sleeve Price,Per Capsule Price,Caption,Taste,Best Served As,Notes,Acidity,Bitterness,Roastness,Body,Milky Taste,Bitterness with Milk,Roastiness with Milk,Creamy Texture,Ingredients & Allergens,Number of Capsules per Sleeve,Net Weight per Total Number of Capsules,Capsule Image Link,Capsule & Sleeve Image Link,Decaf Coffee?,Category,Other Information,Status,Roast Type,Intensity Classification,Acidity Classification,Bitterness Classification,Roastness Classification,Body Classification,Milky Taste Classification,Bitterness with Milk Classification,Roastiness with Milk Classification,Creamy Texture Classification
VL01,Intenso,Vertuo,Coffee,230ml,Smooth & Strong,9.0,12.6,1.26,Why we love it: Try Intenso - a Vertuo coffee that’s dense and dark as night but glowing with golden brown sugar notes.,It’s a blend of Guatemalan washed Robusta coffee beans and Latin American Arabica. It’s thick with roasted notes and has a lingering finish. We split roast the Nespresso Intenso blend. The Arabicas get a darker roast to lower the acidity and bring out that brown sugar aroma. The Guatemalan coffee gets a longer roast to develop the Robusta coffee beans’ bold and bitter notes. It’s an intense long black with a distinctly lingering aftertaste and a thick coffee crema.,Coffee 230ml,Intense,1.0,4.0,5.0,3.0,3.0,3.0,3.0,3.0,Roast and ground coffee,10,125 g,https://www.nespresso.com/ecom/medias/sys_master/public/14446332870686/intenso-XL.png?impolicy=product&imwidth=150,https://www.nespresso.com/shared_res/agility/n-components/pdp/sku-main-info/coffee-sleeves/vl/intenso_XL.png,No,Signature Coffee,,Current,Dark,High,Low,High,High,Medium,Medium,Medium,Medium,Medium
VL02,Stormio,Vertuo,Coffee,230ml,Rich & Strong,8.0,12.6,1.26,Why we love it: Stormio’s a darkly roasted blend that rushes in with this myriad of aromas. But that all that strength could come from pure Arabica coffees?,"A long, slow roast intensifies the Nicaraguan and Guatemalan cereal aromatics to notes of spice and wood. They’re all high-grown Arabica coffees that we give that deep roast to build the rich intensity. But this Vertuo coffee pod remains smooth and full-bodied. Milk may mellow out Stormio - but you’ll still taste the powerful roasted notes that blow you away with a gathering storm.",Coffee 230ml,Intense,1.0,4.0,4.0,4.0,3.0,3.0,3.0,3.0,Roast and ground coffee,10,125 g,https://www.nespresso.com/ecom/medias/sys_master/public/14446333558814/stormio-XL.png?impolicy=product&imwidth=150,https://www.nespresso.com/ecom/medias/sys_master/public/13252705648670/C-0113-Main-PDP-CoffeeMug-Stormio-VL.jpg?impolicy=productPdpSafeZone&imwidth=1238,No,Signature Coffee,,Current,Medium,Medium,Low,High,High,High,Medium,Medium,Medium,Medium
VL03,Fortado,Vertuo,Gran Lungo,150ml,Intense & Full-Bodied,8.0,11.0,1.1,Why we love it: Here’s the most intense Vertuo coffee in its Gran Lungo size - Fortado. Vertuo Fortado is an Arabica and Robusta coffee blend in full force.,We chose a naturally processed Indian Robusta for its highend quality and unmatched intensity and full body. If you’re tasting those cocoa and oak wood notes - that’s the washed Colombian Arabica we blended with the Robusta. It’s a split roast - a long roast of the Robusta makes sure there’s no harshness and a darker long roast of the Colombian develops its distinct aromatics. Here’s a strong character with full crema - Vertuo Fortado comes at you in full force.,Gran Lungo 150ml,Cocoa,1.0,4.0,4.0,4.0,3.0,3.0,3.0,3.0,Roast and ground coffee,10,100 g,https://www.nespresso.com/ecom/medias/sys_master/public/14463427837982/fortado-XL.png?impolicy=product&imwidth=150,https://www.nespresso.com/shared_res/agility/n-components/pdp/sku-main-info/coffee-sleeves/vl/fortado_L.png,No,Gran Lungo,,Current,Medium,Medium,Low,High,High,High,Medium,Medium,Medium,Medium
VL04,Fortado Decaffeinato,Vertuo,Gran Lungo,150ml,Intense & Full-Bodied,8.0,11.0,1.1,"The most intense Gran Lungo Vertuo coffee, now decaffeinated.","Fortado Decaffeinato Indian Robusta comes at you in full force, with cocoa and oak wood notes still strong in the decaffeinated Colombian Arabica.",Gran Lungo 150ml,Woody,1.0,4.0,4.0,4.0,3.0,3.0,3.0,3.0,Decaffeinated Roast and ground coffee,10,100 g,https://www.nespresso.com/ecom/medias/sys_master/public/14446710554654/fortado-decaffeinato-XL.png?impolicy=product&imwidth=150,https://www.nespresso.com/shared_res/agility/n-components/pdp/sku-main-info/coffee-sleeves/vl/fortado-decaffeinato_XL.png,Yes,Gran Lungo,,Current,Medium,Medium,Low,High,High,High,Medium,Medium,Medium,Medium
VL05,Melozio,Vertuo,Coffee,230ml,Smooth & Balanced,6.0,12.6,1.26,Why we love it: You can’t help but fall for Melozio. It’s a harmonious blend of Latin American Arabicas that sing with smooth cereal notes and a honeyed sweetness. This Vertuo coffee’s an aroma of delight.,We chose Brazilian coffee of the Bourbon variety because it’s loved for its sweetness and distinct cereal note. It’s roasted and blended with lightly roasted Central American Arabicas that round out this Vertuo coffee. The split roasts allow the Brazilian Bourbon to develop its cereal note to become a sweet and smooth coffee. It’s hard not to fall for this one.,Coffee 230ml,Cereal,1.0,2.0,3.0,3.0,3.0,3.0,3.0,3.0,Roast and ground coffee,10,125 g,https://www.nespresso.com/ecom/medias/sys_master/public/14446335524894/melozio-XL.png?impolicy=product&imwidth=150,https://www.nespresso.com/ecom/medias/sys_master/public/13252512874526/C-0106-Main-PDP-CoffeeMug-Melozio-VL.jpg?impolicy=productPdpSafeZone&imwidth=1238,No,Signature Coffee,,Current,Medium,Medium,Low,Medium,Medium,Medium,Medium,Medium,Medium,Medium
VL06,Melozio Decaffeinato,Vertuo,Coffee,230ml,Smooth & Balanced,6.0,12.6,1.26,"You’ve already fallen for Melozio Decaffeinato. A harmonious blend of Latin American Arabicas just like Melozio, but decaffeinated – and carrying the same aroma of delight. This decaf Vertuo still sings with smooth cereal notes and a honeyed sweetness.",We split roast this Vertuo coffee capsule's Arabica coffees. It allows the Brazilian Bourbon to develop its cereal note to become a sweet and smooth coffee. Lightly roasting the other Arabicas rounds out Melozio. Melozio Decaffeinato delights twice. Its Latin American Arabicas still sing with smooth cereal and honeyed sweetness even after decaffeination.,Coffee 230ml,Cereal,1.0,2.0,3.0,3.0,3.0,3.0,3.0,3.0,Decaffeinated Roast and ground coffe,10,125 g,https://www.nespresso.com/ecom/medias/sys_master/public/14446712553502/melozio-decaffeinato-XL.png?impolicy=product&imwidth=150,https://www.nespresso.com/shared_res/agility/n-components/pdp/sku-main-info/coffee-sleeves/vl/melozio-decaffeinato_XL.png,Yes,Signature Coffee,,Current,Medium,Medium,Low,Medium,Medium,Medium,Medium,Medium,Medium,Medium
VL07,Half Caffeinato,Vertuo,Coffee,230ml,Sweet & Velvety,5.0,12.6,1.26,"Why we love it: You’ll love Half Caffeinato - its smooth, velvety texture and its sweet biscuit note.","This Vertuo coffee capsule blends decaffeinated and regular Arabica coffees from Brazil and Ethiopia. After decaffeination of half the coffee, a light and quick roast of a Brazilian Arabica coffee gives this Vertuo coffee pod a roundness and a sweetness. We chose to blend in an Ethiopian coffee so its delicate aromatics would add finesse. Half the coffee is Nespresso decaffeinated, but the taste is full.",Coffee 230ml,Biscuit,1.0,1.0,2.0,2.0,3.0,3.0,3.0,3.0,Roast and ground coffee,10,125 g,https://www.nespresso.com/ecom/medias/sys_master/public/14446338048030/half-caffeinato-XL.png?impolicy=product&imwidth=150,https://www.nespresso.com/shared_res/agility/n-components/pdp/sku-main-info/coffee-sleeves/vl/half-caffeinato_L.png,No,Signature Coffee,,Current,Medium,Medium,Low,Low,Medium,Medium,Medium,Medium,Medium,Medium
VL08,Arondio,Vertuo,Gran Lungo,150ml,Cereal & Mild,6.0,11.0,1.1,Why we love it: Vertuo Arondio’s Colombian washed Arabicas and the touch of gourmet Guatemalan washed Robusta round each other off.,A mild Gran Lungo - but don’t be fooled - there’s an inner strength behind the cereal note - a subtle acidity and a hint of Robusta oomph.We split roast this Vertuo coffee capsule. The Colombian Arabica gets a light yet long roast - it keeps the hint of acidity there and develops the coffee’s roundness and mild cereal note. The Guatemalan washed Robusta is dark and long roasted to bring out more of that cereal note. Robusta also gives this Vertuo coffee a fuller coffee crema.,Gran Lungo 150ml,Cereal,3.0,4.0,3.0,3.0,3.0,3.0,3.0,3.0,Roast and ground coffee,10,100 g,https://www.nespresso.com/ecom/medias/sys_master/public/14446108835870/arondio-XL.png?impolicy=product&imwidth=150,https://www.nespresso.com/shared_res/agility/n-components/pdp/sku-main-info/coffee-sleeves/vl/arondio_XL.png,No,Gran Lungo,,Current,Medium,Medium,Medium,High,Medium,Medium,Medium,Medium,Medium,Medium
VL09,Inizio,Vertuo,Gran Lungo,150ml,Floral & Cereal,4.0,11.0,1.1,"Inizio is the helping hand easing you into your every day. The velvety, smooth body of this Kenyan and Ethiopian Arabica blend comes with a warmth and strength from its rich toasted cereal note. Its wild florals give you that laid-back Sunday feeling.","We split roast this medium roast coffee. The Ethiopian Arabicas get a lighter, shorter roast to keep those floral notes alive. A longer, darker roast of the Kenyan coffee adds body to this Vertuo coffee capsule. The brewing is also designed to bring out great crema while keeping the floral aromatics intact. A juicy coffee with that combines subtle floral and cereal notes.",Gran Lungo 150ml,Floral,3.0,2.0,2.0,4.0,3.0,3.0,3.0,3.0,Roast and ground coffee,10,100 g,https://www.nespresso.com/ecom/medias/sys_master/public/14446709669918/inizio-XL.png?impolicy=product&imwidth=150,https://www.nespresso.com/shared_res/agility/n-components/pdp/sku-main-info/coffee-sleeves/vl/inizio_XL.png,No,Gran Lungo,,Current,Blonde,Low,Medium,Medium,Medium,High,Medium,Medium,Medium,Medium
VL10,Solelio,Vertuo,Coffee,230ml,Fruity & Lightly-Bodied,2.0,12.6,1.26,Why we love it: Solelio is our gentlest start to the day.,This Vertuo coffee capsule is an Arabica blend of two renowned washed coffees - both loved for their lively acidity and their distinct fruity notes. We split roast and blended high-grown Colombian coffee and Kenyan coffee to create a light roast coffee with a light body and a lovable character. A juicy acidity shines through Solelio’s toasted cereal note. It’s hard to miss the classic fruitiness of the Colombian and Kenyan coffees. You can really ease into morning with this Vertuo coffee.,Coffee 230ml,"Cereal, Fruity",3.0,1.0,1.0,1.0,3.0,3.0,3.0,3.0,Roast and ground coffee,10,125 g,https://www.nespresso.com/ecom/medias/sys_master/public/14446443167774/solelio-XL.png?impolicy=product&imwidth=150,https://www.nespresso.com/shared_res/agility/n-components/pdp/sku-main-info/coffee-sleeves/vl/solelio_XL.png,No,Signature Coffee,,Current,Blonde,Low,Medium,Low,Low,Low,Medium,Medium,Medium,Medium
VL11,Odacio,Vertuo,Coffee,230ml,Bold & Lively,7.0,12.6,1.26,Why we love it: Odacio’s a lively and intense Vertuo coffee.,The Nicaraguan Arabica gives Odacio its soft and solid cereal note. We daringly blended in a touch of Ethiopian Arabica - it adds a splash of acidity and delicate fruitiness. We split roast the coffees in this Vertuo coffee pod. A long and light roast for both coffees develops the body and structure and keeps the acidity and aromatics intact. Odacio brings a fullbodied cereal note and then dares to surprise you with its flourish of fruitiness and delicate acidity at the end. It’s bold and it’s lively and it hits your palate with great elegance.,Coffee 230ml,Intense,2.0,4.0,4.0,4.0,3.0,3.0,3.0,3.0,Roast and ground coffee,10,100 g,https://www.nespresso.com/ecom/medias/sys_master/public/14446334378014/odacio-XL.png?impolicy=product&imwidth=150,https://www.nespresso.com/shared_res/agility/n-components/pdp/sku-main-info/coffee-sleeves/vl/odacio_L.png,No,Signature Coffee,,Current,Medium,Medium,Medium,High,High,High,Medium,Medium,Medium,Medium
VL12,Costa Rica,Vertuo,Gran Lungo,150ml,Malty & Cereal Notes,7.0,12.1,1.21,"High in Costa Rica’s mountains, only a small selection of Arabica coffee beans is soaked in rainforest hot spring waters. Costa Rica contains this scarce coffee whose rare process highlights the malty sweet cereal character of this craftsman’s coffee.",The one-of-a-kind process of fermentation in hot-spring waters brings about a remarkably balanced and clean taste in the cup. Master Origins Costa Rica is full-bodied but mellow. A malty sweet cereal note runs through it with crystal clarity.,Gran Lungo 150ml,Malty,1.0,3.0,4.0,3.0,3.0,3.0,3.0,3.0,Roast and ground coffee,10,105 g,https://www.nespresso.com/ecom/medias/sys_master/public/14446316486686/costa-rica-XL.png?impolicy=product&imwidth=150,https://www.nespresso.com/ecom/medias/sys_master/public/13680260349982/C-0631-Responsive-PDPMain-6272x2432-UPDATED.jpg?impolicy=productPdpSafeZone&imwidth=1238,No,Master Origins,,Current,Medium,Medium,Low,Medium,High,Medium,Medium,Medium,Medium,Medium
VL13,Mexico,Vertuo,Coffee,230ml,Itensed & Spiced,7.0,13.7,1.37,You’ll do a double take with Master Origins Mexico with double washed Robusta -because selective hand-picking and thoroughly washing was once only for Arabica.,"We blend Mexican Arabica with a rare Double Washed Robusta - the producers treat their Robusta with the same care as the Arabica. It yields a wild, textured cup full of roasted and spiced notes. Try Master Origins Mexico with double washed Robusta as a coffee with milk and that distinct spicy note remains. Try it as a cappuccino and you’ll taste a hint of fine woody notes dancing this Mexican coffee with milk.",Coffee 230ml,"Spicy, Woody",1.0,3.0,4.0,2.0,3.0,3.0,3.0,3.0,Roast and ground coffee,10,125 g,https://www.nespresso.com/ecom/medias/sys_master/public/14446443692062/mexico-XL.png?impolicy=product&imwidth=150,https://www.nespresso.com/ecom/medias/sys_master/public/13252940070942/C-0368-Main-PDP-MasterOrigin-Mexico-VL.jpg?impolicy=productPdpSafeZone&imwidth=1238,No,Master Origins,,Current,Medium,Medium,Low,Medium,High,Medium,Medium,Medium,Medium,Medium
VL14,Peru Organic,Vertuo,Espresso,40ml,Fruity & Elegant,6.0,10.8,1.08,Why we love it: We traveled across remote Peruvian regions in search of the finest organic certified Arabica coffee beans.,"High up above 1000 meters – even up to 2100 meters – and, tucked into the slopes of the Andes, we found them. The organic processes passed down from generation to generation, this coffee is blessed with the meticulous care of smallholder farmers. Peru Organic is split roast to reveal both the bright, juicy acidity and the elegant fruity notes accented by a smooth toasted cereal note.",Espresso 40ml,Fruity,4.0,3.0,3.0,3.0,3.0,3.0,3.0,3.0,Roast and ground coffee,10,72 g,https://www.nespresso.com/ecom/medias/sys_master/public/14446106738718/peru-organic-XL.png?impolicy=product&imwidth=150,https://www.nespresso.com/ecom/medias/sys_master/public/15890209308702/Untitled-7.png,No,Master Origins,,Current,Medium,Medium,High,Medium,Medium,Medium,Medium,Medium,Medium,Medium
VL15,Colombia - Fairtrade,Vertuo,Coffee,230ml,Red Fruit Notes,5.0,13.7,1.37,"Why we love it: The cooler climate of the high-altitude Colombia Aguadas mountains means the coffee takes longer to ferment. The classic washed coffee processing method is complex and time-consuming, but up here it calls for even more skill.","Master Origin Colombia washed Arabica showcases how these Aguadas farmers achieved this beloved Colombian coffee taste by tweaking the classic washed process. They pick only the ripe fruit and attentively execute longer fermentation. The reward is a particularly fruity, sweet cup with a juicy acidity. You may pick up hints of candied apples and red berries in this washed Colombian coffee.",Coffee 230ml,Fruity,5.0,1.0,1.0,1.0,3.0,3.0,3.0,3.0,Decaffeinated Roast and ground coffee,10,125 g,https://www.nespresso.com/ecom/medias/sys_master/public/14446444412958/colombia-XL.png?impolicy=product&imwidth=150,https://www.nespresso.com/shared_res/agility/n-components/pdp/sku-main-info/coffee-sleeves/vl/colombia_L.png,No,Master Origins,Certified by Fair Trade Canada,Current,Medium,Medium,High,Low,Low,Low,Medium,Medium,Medium,Medium
VL16,Ethiopia,Vertuo,Gran Lungo,150ml,Floral & Delicate,4.0,12.1,1.21,Ethiopia with dry processed Arabica involves sun-drying some of the coffee cherry. This continual hand-turning to ensure even drying calls for great care. And Ethiopian farmers have used this method for longer than anyone else.,"Ethiopia is a naturally flowery coffee that gains fruitiness and complexity from its signature drying method, revealing ripe blueberry notes and a hint of musk.",Gran Lungo 150ml,Floral,3.0,1.0,2.0,1.0,3.0,3.0,3.0,3.0,Roast and ground coffee,10,95 g,https://www.nespresso.com/ecom/medias/sys_master/public/14446318485534/ethiopia-XL.png?impolicy=product&imwidth=150,https://www.nespresso.com/shared_res/agility/n-components/pdp/sku-main-info/coffee-sleeves/vl/ethiopia_L.png,No,Master Origins,,Current,Blonde,Low,Medium,Low,Medium,Low,Medium,Medium,Medium,Medium
VL17,Il Caffè,Vertuo,Espresso,40ml,Exceptionally Intense & Velvety,11.0,9.9,0.99,"Il Caffè takes you right to the heart of the classic Italian coffee experience. We land that punchy combination of smooth, velvety taste and roasty, cereal aromas by blending two powerful-tasting Vietnamese and Indonesian Washed Robustas with a little Colombian Arabica.","We split roast the coffees to give the Robustas a darker roast. A lighter but slightly longer roast of the Colombian Arabica beans keeps the acidity intact and develops a hint of a nutty note. Il Caffè goes down like a dream, its classic aroma promises to delight, and its familiar flavour is one to remember. We crafted Il Caffè to be your traditional black coffee experience, but if you want to soften this one’s intensity, why not add milk to make a Cappuccino?",Espresso 40ml,"Cereal, Woody, Cocoa",1.0,4.0,4.0,1.0,3.0,3.0,3.0,3.0,Roast and ground coffee,10,70 g,https://www.nespresso.com/ecom/medias/sys_master/public/14446323925022/il-caffe-XL.png?impolicy=product&imwidth=150,https://www.nespresso.com/ecom/medias/sys_master/public/15890224742430/Untitled-10.png,No,Espresso,,Current,Dark,High,Low,High,High,Low,Medium,Medium,Medium,Medium
VL18,Diavolitto,Vertuo,Espresso,40ml,Highly Intense & Powerful,11.0,9.9,0.99,"Why we love it: This short devil of a coffee capsule is an intense, powerful espresso.","No harshness in Diavolitto - just fine oak wood and leather notes and a smooth, creamy texture. We use Arabicas and Robustas in this Vertuo coffee capsule - both washed and naturally processed. Latin American Robustas give this Vertuo coffee thick crema and a powerful flavour. Latin American Arabicas add some subtler aromas. And we found an uncommon Guatemalan Robusta to blend in for a smooth and creamy texture. This Vertuo espresso is a highly roasted Arabica and Robusta coffee blend. We split roast so that each coffee’s origin characteristics stay at play in this short devil.",Espresso 40ml,Intense,1.0,4.0,4.0,4.0,3.0,3.0,3.0,3.0,Roast and ground coffee,10,70 g,https://www.nespresso.com/ecom/medias/sys_master/public/14446103330846/diavolitto-XL.png?impolicy=product&imwidth=150,https://www.nespresso.com/shared_res/agility/n-components/pdp/sku-main-info/coffee-sleeves/vl/diavolitto_L.png,No,Espresso,,Current,Dark,High,Low,High,High,High,Medium,Medium,Medium,Medium
VL19,Double Espresso Scuro,Vertuo,Double Espresso,80ml,Dark & Bold,11.0,11.0,1.1,Why we love it: Double Espresso Scuro is a highly roasted blend of Robusta and Arabica - all Central American coffees. The Robusta is from Guatemala and the Arabica is Costa Rican. And it’s the Robusta in this Nespresso Vertuoline double shot that helps it pack a double enjoyment.,"This double espresso coffee is roasted in two splits - we keep the Robusta and Arabica separate but give them both a full roast - it develops an intense cocoa note and gives Double Espresso Scuro its dark smoky character. It’s intense and it’s fullbodied, but this double enjoyment also has a subtle note of vanilla that adds complexity to its power.",Double Espresso 80ml,Intense,1.0,3.0,3.0,3.0,3.0,3.0,3.0,3.0,Roast and ground coffee,10,100 g,https://www.nespresso.com/ecom/medias/sys_master/public/14446108147742/double-espresso-scuro-XL.png?impolicy=product&imwidth=150,https://www.nespresso.com/shared_res/agility/n-components/pdp/sku-main-info/coffee-sleeves/vl/double-espresso-scuro_XL.png,No,Double Espresso,,Current,Dark,High,Low,Medium,Medium,Medium,Medium,Medium,Medium,Medium
VL20,Altissio Decaffeinato,Vertuo,Espresso,40ml,Full-Bodied & Creamy,9.0,9.9,0.99,"When Altissio Decaffeinato walks in, you'll notice.","The full-bodied, bold espresso taste comes from blending South American Arabicas with Robusta. A Costa Rican Arabica adds its soft cereal note. All decaffeinated, the taste of the highly roasted Altissio Decaffeinato is true to the original – still cloaked in creamy royal robes.",Espresso 40ml,Cocoa,1.0,3.0,3.0,3.0,3.0,3.0,3.0,3.0,Decaffeinated Roast and ground coffee,10,70 g,https://www.nespresso.com/ecom/medias/sys_master/public/14446707310622/altissio-decaffeinato-XL.png?impolicy=product&imwidth=150,https://www.nespresso.com/shared_res/agility/n-components/pdp/sku-main-info/coffee-sleeves/vl/altissio-decaffeinato_L.png,Yes,Espresso,,Current,Dark,High,Low,Medium,Medium,Medium,Medium,Medium,Medium,Medium
VL21,Altissio,Vertuo,Espresso,40ml,Full-Bodied & Creamy,9.0,9.9,0.99,"Why we love it: When Altissio walks in, you’ll notice.","The South American Arabicas and a touch of Brazilian Robusta give it that full-bodied, bold espresso taste. We balanced these coffees out with a Costa Rican Arabica that adds its soft cereal note. These Arabica and Robusta coffees get an intense and short roast to bring out that full-bodied character. In royal robes, Altissio is a Vertuo espresso coffee cloaked in a thick, velvety crema - full of roasty notes and a soft and creamy cereal note.",Espresso 40ml,Intense,1.0,3.0,1.0,3.0,3.0,3.0,3.0,3.0,Roast and ground coffee,10,70 g,https://www.nespresso.com/ecom/medias/sys_master/public/14446104018974/altissio-XL.png?impolicy=product&imwidth=150,https://www.nespresso.com/shared_res/agility/n-components/pdp/sku-main-info/coffee-sleeves/vl/altissio_L.png,No,Espresso,,Current,Dark,High,Low,Medium,Low,Medium,Medium,Medium,Medium,Medium
VL22,Double Espresso Chiaro,Vertuo,Double Espresso,80ml,Dense & Wild,8.0,11.0,1.1,Why we love it: Double Espresso Chiaro is a blend of Latin American Arabica coffees. This double espresso has both washed and dry processed Arabicas in it.,"The two coffee processes give distinctly different aromatic profiles and so we split roast the two kinds to bring out the best in each. Intense and short roasts of both coffees bring power without hiding the coffees’ woody, earthy aromas. This Nespresso Vertuoline double shot’s the last course - go ahead and finish off your meal with a bang.",Double Espresso 80ml,Woody,1.0,3.0,3.0,2.0,3.0,3.0,3.0,3.0,Roast and ground coffee,10,100 g,https://www.nespresso.com/ecom/medias/sys_master/public/14446107885598/double-espresso-chiaro-XL.png?impolicy=product&imwidth=150,https://www.nespresso.com/shared_res/agility/n-components/pdp/sku-main-info/coffee-sleeves/vl/double-espresso-chiaro_L.png,No,Double Espresso,,Current,Medium,Medium,Low,Medium,Medium,Medium,Medium,Medium,Medium,Medium
VL23,Orafio,Vertuo,Espresso,40ml,Caramel & Roasted,6.0,9.9,0.99,"What makes Orafio glow in your cup is a combination of masterful blending, bringing together both high quality Arabica and Robusta coffees from a diversity of origins, and skilful split roasting. Sounds a bit like the level of craftmanship that goes into this coffee’s namesake, doesn’t it? The Italians among us will recognize the link to their word for goldsmith.",We crafted Orafio with a light and long roasted Ugandan Robusta. That roast keeps this coffee’s typical body and bitterness in check while still delivering the liquorice and spice notes that are hallmarks of this origin’s naturally processed Robusta. A short dark roast of the Brazilian and Costa Rican Arabicas balances the blend. Orafio is a complex coffee carrying a delicious caramel note and lingering with a long finish. Its beautiful roasted notes graced by a hint of acidity make this a luxurious coffee worth its weight in gold.,Espresso 40ml,Caramel,1.0,3.0,3.0,2.0,3.0,3.0,3.0,3.0,Roast and ground coffee,10,62 g,https://www.nespresso.com/ecom/medias/sys_master/public/14446706262046/orafio-XL.png?impolicy=product&imwidth=150,https://www.nespresso.com/shared_res/agility/n-components/pdp/sku-main-info/coffee-sleeves/vl/orafio_L.png,No,Espresso,,Current,Medium,Medium,Low,Medium,Medium,Medium,Medium,Medium,Medium,Medium
VL24,Toccanto,Vertuo,Espresso,40ml,Berry & Winey,5.0,9.9,0.99,"A barrel of fine South and Central American coffee origins gather together in Toccanto to bring you a wild, juicy coffee with candied and ripe fruity notes. This all Arabica blend beautifully balances acidity and body in an aromatic cup.",Fill your cup with the wildly aromatic Toccanto - a juicy coffee whose Latin American Arabicas bring candied and winey fruit notes to your palate.,Espresso 40ml,Berry,3.0,2.0,2.0,2.0,3.0,3.0,3.0,3.0,Roast and ground coffee,10,62 g,https://www.nespresso.com/ecom/medias/sys_master/public/14446705410078/toccanto-XL.png?impolicy=product&imwidth=150,https://www.nespresso.com/shared_res/agility/n-components/pdp/sku-main-info/coffee-sleeves/vl/toccanto_L.png,No,Espresso,,Current,Medium,Medium,Medium,Medium,Medium,Medium,Medium,Medium,Medium,Medium
VL25,Double Espresso Dolce,Vertuo,Double Espresso,80 ml,Cereal & Mild,5.0,11.0,1.1,The masterful blending and split roasting of different Arabica and Robusta beans is the secret behind this mild and smooth double espresso. Latin American Arabicas deliver that delicious malty toasted cereal note that sings above this beautifully balanced cup.,"The Ugandan Robusta rounds out the blend by softening its sweetness but Double Espresso Dolce remains an ode to the sweet life. When what you want is more coffee, not more punch, this exceptionally smooth double espresso is a dulcet song to your palate.",Double Espresso 80ml,Cereal,2.0,2.0,3.0,5.0,3.0,3.0,3.0,3.0,Roast and ground coffee,10,95 g,https://www.nespresso.com/ecom/medias/sys_master/public/14446713602078/double-espresso-dolce-XL.png?impolicy=product&imwidth=150,https://www.nespresso.com/shared_res/agility/n-components/pdp/sku-main-info/coffee-sleeves/vl/double-espresso-dolce_L.png,No,Double Espresso,,Current,Medium,Medium,Medium,Medium,Medium,High,Medium,Medium,Medium,Medium
VL26,Voltesso,Vertuo,Espresso,40ml,Light & Sweet,4.0,9.9,0.99,Why we love it: This is Voltesso - a light and sweet Vertuo espresso coffee that you might just make your golden standard.,"This Vertuo coffee capsule gets its light, sweet biscuity note from Brazilian Bourbon coffee. We blended in Colombian coffee from the highlands - we lightly roasted it to keep that hint of acidity that balances out Vertuo Voltesso. It plays glowingly with the long roasted Brazilian Bourbon coffee - that long roast really pulls out the sweet and biscuity notes. Together these Arabica coffees are like a golden standard for a lyrical long black coffee.",Espresso 40ml,Biscuit,2.0,2.0,2.0,2.0,3.0,3.0,3.0,3.0,Roast and ground coffee,10,62 g,https://www.nespresso.com/ecom/medias/sys_master/public/14446104870942/voltessio-XL.png?impolicy=product&imwidth=150,https://www.nespresso.com/shared_res/agility/n-components/pdp/sku-main-info/coffee-sleeves/vl/voltesso_L.png,No,Espresso,,Current,Blonde,Low,Medium,Medium,Medium,Medium,Medium,Medium,Medium,Medium
VL27,Carafe Pour-Over Style Mild,Vertuo,Carafe,535ml,Toasted Cereal & Malted,5.0,11.2,1.6,"Smooth, toasted cereal and malted notes grace every last drop of this subtly sweet Latin American Arabica blend coffee inspired by the pour-over method.","Round and easy to drink, Carafe Pour-Over Style Mild has a balanced sensorial profile with toasted cereal notes and pleasant sweetness. This blend was roasted using the split roast technique (60/40). The first split includes all origins and is roasted to a light degree and average roasting time, while their second split includes only Colombian coffees and is roasted to a slightly darker degree, creating a mild roast overall. A classic Vertuo roast.",Carafe 535ml,Cereal,1.0,2.0,2.0,1.0,3.0,3.0,3.0,3.0,Roast and ground coffee,7,120 g,https://www.nespresso.com/ecom/medias/sys_master/public/14566701170718/carafe-pour-over-style-mild-XL.png?impolicy=product&imwidth=150,https://www.nespresso.com/ecom/medias/sys_master/public/15538367627294/carafe-pour-over-style-mild-S.png,No,Craft Brew,"For Vertuo Next only, The intensity provided is an estimate as this coffee does not have an official intensity level",Current,Medium,Medium,Low,Medium,Medium,Low,Medium,Medium,Medium,Medium
VL28,Carafe Pour-Over Style,Vertuo,Carafe,535ml,Roasted & Smokey,7.0,11.2,1.6,"CARAFE POUR-OVER SYLE is a coffee like none other in the range. It’s an easy-to-drink blend of Peruvian and Colombian washed Arabicas, which complement each other with their contrasting qualities to create a unique aromatic profile.","CARAFE POUR-OVER STYLE is the coffee that opens up possibilities for sharing with others or simply extending the pleasure of your Nespresso moment. But creating our longest cup was by no means our shortest journey. Delivering not just the right intensity in the 535 ml, but also optimum crema and a distinct flavour profile, is something that didn’t happen overnight. After years of development, we were able to refine & perfect the product to our desire, welcoming our largest ever coffee into the family. Elevate your drinking experience with the CARAFE accessory set, specifically designed to reveal the coffee's unique aromatics and inspire a new Nespresso coffee ritual.",Carafe 535ml,Intense,1.0,3.0,3.0,3.0,3.0,3.0,3.0,3.0,Roast and ground coffee,7,120 g,https://www.nespresso.com/ecom/medias/sys_master/public/14446325694494/carafe-pour-over-style-XL.png?impolicy=product&imwidth=150,https://www.nespresso.com/shared_res/agility/n-components/pdp/sku-main-info/coffee-sleeves/vl/carafe-pour-over-style_XL.png,No,Craft Brew,"For Vertuo Next only, The intensity provided is an estimate as this coffee does not have an official intensity level",Current,Medium,Medium,Low,Medium,Medium,Medium,Medium,Medium,Medium,Medium
VL29,Bianco Leggero,Vertuo,Double Espresso,80ml,For Sweet and Smooth Recipes With Milk,6.0,11.0,1.1,"Indulge yourself with Bianco Leggero, inspired by the baristas of Brooklyn, who love the natural sweetness of coffee and try to preserve it.","To achieve this, we chose Arabicas from Indonesia and Kenya and applied a uniquely light roast, to create a long cup with smooth, decadent notes of caramel and sweet biscuit when combined with milk. Product as sold does not contain any milk ingredients.",Double Cappuccino,Great with Milk,3.0,3.0,3.0,3.0,3.0,1.0,1.0,3.0,Roast and ground coffee,10,100 g,https://www.nespresso.com/ecom/medias/sys_master/public/14446445920286/bianco-leggero-XL.png?impolicy=product&imwidth=150,https://www.nespresso.com/shared_res/agility/n-components/pdp/sku-main-info/coffee-sleeves/vl/bianco-leggero_S.png,No,Barista Creations,The intensity provided is an estimate as this coffee does not have an official intensity level,Current,Medium,Medium,Medium,Medium,Medium,Medium,Medium,Low,Low,Medium
VL30,Bianco Forte,Vertuo,Coffee,230ml,Full & Balanced; For Intense Recipes With Milk,7.0,12.6,1.26,"Our ambition behind Bianco Forte was to emulate the robust, yet perfectly balanced recipes of Melbourne baristas in a large cup. To achieve this, we carefully selected Arabicas from Colombia and Kenya and gave them a contrasting split roast. The result? Rich, roasted and cereal notes that push through the sweetness of the milk you add.","The art of roasting calls for a fine balance of temperature, roast time and bean color. Getting it just right is key to hitting that great harmony of coffee and milk. We tested lots of combinations until we discovered that to get that ideal flavor balance of Bianco Forte with milk, we needed a dark split roast. One part of the blend gets a long and dark roast; the other part roasts a little faster and to a slightly lighter color. It’s inspired by the baristas in Melbourne – they’re the masters of robust, but exquisitely balanced tastes. When you take a sip of Bianco Forte with milk, you can taste the powerful roasted coffee taste shining through the milk like a glimmer in the night. It’s an intense and full-bodied cup of coffee, rich in roasted and cereal notes. That dash of milk gives a sweet softening of the coffee’s characteristic bitter note.","Coffee 230ml, Cappuccino and Latte Macchiato","Balanced, Intense",2.0,4.0,5.0,3.0,2.0,4.0,4.0,4.0,Roast and ground coffee,10,125 g,https://www.nespresso.com/ecom/medias/sys_master/public/14446447099934/bianco-forte-XL.png?impolicy=product&imwidth=150,https://www.nespresso.com/ecom/medias/sys_master/public/14453397258270/C-0290-Desktop-PDP-6272x2432.jpg?impolicy=productPdpSafeZone&imwidth=1238,No,Barista Creations,The intensity provided is an estimate as this coffee does not have an official intensity level,Current,Medium,Medium,Medium,High,High,Medium,Medium,High,High,High
VL31,Vanilla Custard Pie,Vertuo,Coffee,230ml,Sweet & Velvety; Vanilla Flavoured,6.0,12.6,1.26,"Why we love it: Vanilla flavour easing into round, smooth Latin American and African Arabicas – that’s Barista Creations Vanilla Custard Pie.","A medium dark, quick roast of Brazilian beans brings roundness and sweetness, whilst Ethiopian coffee in the second split brings delicate aromatics to the blend and adds a certain finesse. We split roast the coffees in this blend – it develops the beans to deliver an incredibly rounded coffee with a soft biscuit note. When we add in the creamy vanilla flavour, it creates a silky, smooth-textured coffee – this one’s nice as pie.","Double Espresso 80ml, Coffee 230ml, Cappucino and Latte Macchiato",Vanilla,1.0,1.0,2.0,2.0,1.0,1.0,2.0,2.0,"Natural flavouring, roast and ground coffee",10,125 g,https://www.nespresso.com/ecom/medias/sys_master/public/14446447460382/vanilla-custard-pie-XL.png?impolicy=product&imwidth=150,https://www.nespresso.com/ecom/medias/sys_master/public/14453406498846/C-0603-Desktop-PDP-6272x2432.jpg?impolicy=productPdpSafeZone&imwidth=1238,No,Barista Creations,The intensity provided is an estimate as this coffee does not have an official intensity level,Current,Medium,Medium,Low,Low,Medium,Medium,Low,Low,Medium,Medium
VL32,Caramel Cookie,Vertuo,Coffee,230ml,Sweet & Velvety; Caramel Flavoured,6.0,12.6,1.26,Why we love it: There’s something so comforting about the taste of caramel – like the sweet memory of childhood friends.,"Barista Creations Caramel Cookie is a caramel flavoured coffee, but it all starts with the base coffee blend of Latin American and African Arabicas. We split roast the coffees in this blend – it develops the beans to deliver an incredibly rounded coffee with a soft biscuit note. Into this harmony comes the caramel flavour, adding a buttery biscuit note that’ll take you back to your childhood days.","Double Espresso 80ml, Coffee 230ml, Cappucino and Latte Macchiato",Caramel,1.0,1.0,2.0,2.0,1.0,1.0,2.0,2.0,"Natural flavouring, roast and ground coffee",10,125 g,https://www.nespresso.com/ecom/medias/sys_master/public/14446448574494/caramel-cookie-XL.png?impolicy=product&imwidth=150,https://www.nespresso.com/shared_res/agility/n-components/pdp/sku-main-info/coffee-sleeves/vl/caramel-cookie_S.png,No,Barista Creations,The intensity provided is an estimate as this coffee does not have an official intensity level,Current,Medium,Medium,Low,Low,Medium,Medium,Low,Low,Medium,Medium
VL33,Hazelino Muffin,Vertuo,Coffee,230ml,Sweet & Velvety; Hazelnut Flavoured,6.0,12.6,1.26,Why we love it: Barista Creations Hazelino Muffin’s a smooth and sweet flavoured coffee – ideal for a morning break.,"It all starts with a base blend of Latin American and African Arabicas. These coffees get a medium dark split roast that develops the roundness and velvety texture of this espresso and lets the soft biscuit note glow in the cup. After roasting, we add in the flavour to hit a whole new harmony, and notes of biscuit and almond appear alongside the distinctive hazelnut flavour.","Double Espresso 80ml, Coffee 230ml, Cappucino and Latte Macchiato",Hazelnut,1.0,1.0,2.0,2.0,1.0,1.0,2.0,2.0,"Natural flavouring, roast and ground coffee",10,125 g,https://www.nespresso.com/ecom/medias/sys_master/public/14446447198238/hazelino-muffin-XL.png?impolicy=product&imwidth=150,https://www.nespresso.com/shared_res/agility/n-components/pdp/sku-main-info/coffee-sleeves/vl/hazelino-muffin_XL.png,No,Barista Creations,The intensity provided is an estimate as this coffee does not have an official intensity level,Current,Medium,Medium,Low,Low,Medium,Medium,Low,Low,Medium,Medium
VL34,Chocolate Fudge,Vertuo,Coffee,230ml,Sweet & Velvety; Dark Chocolate Flavoured,6.0,12.6,1.26,A smooth coffee marked by its rich dark chocolate flavour intensity.,"Barista Creations Chocolate Fudge is a dark chocolate flavoured coffee, but it all starts with the base coffee blend of Latin American and African Arabicas. Brazilian coffee gives the blend roundness and balance, whilst Ethiopian coffee in the second split brings delicate aromatics and finesse. Into that smooth blend comes the Chocolate Fudge flavour. The base for the Barista Creations flavoured coffees is a sweet and velvety blend of Latin American and African Arabicas with a soft biscuit note.","Coffee 230ml, Cappucino and Latte Macchiato",Dark Chocolate,1.0,1.0,2.0,2.0,1.0,1.0,2.0,2.0,"Natural flavouring, roast and ground coffee",10,125 g,https://www.nespresso.com/ecom/medias/sys_master/public/14456072339486/C-0702-Responsive-plp-image.png?impolicy=product&imwidth=150,https://www.nespresso.com/shared_res/agility/n-components/pdp/sku-main-info/coffee-sleeves/vl/chocolate-fudge_S.png,No,Barista Creations,The intensity provided is an estimate as this coffee does not have an official intensity level,Current,Medium,Medium,Low,Low,Medium,Medium,Low,Low,Medium,Medium
VL35,Bianco Piccolo,Vertuo,Espresso,40ml,Sweet & Smooth,7.0,9.9,0.99,"A rich roasted coffee crafted specifically for a perfect pairing with creamy milk in your shorter cups. Why we love it: It’s pure synergy when you add milk to your BIANCO PICCOLO for milk coffee. An expertly crafted blend of Arabicas from China, Colombia, Brazil and Ethiopia creates this world of rich roasted notes to land in balanced harmony with the creamy sweetness of milk. Intense yet smooth in taste- specially designed for making cappuccinos, latte macchiatos or flat whites.","Sweet and smooth, creamy texture, sweetness, caramel notes, nutty notes, biscuity notes (piccolo is darker roast than Bianco Leggero), more texture in piccolo, thickness.",Espresso 40ml,Caramel,1.0,2.0,3.0,3.0,3.0,3.0,3.0,3.0,Roast and ground coffee,10,62 g,https://www.nespresso.com/ecom/medias/sys_master/public/15916187648030/C-1035-ResponsivePLPImage.png?impolicy=product&imwidth=150,https://www.nespresso.com/shared_res/agility/n-components/bianco-piccolo/bianco-piccolo.png,No,Barista Creations,The intensity provided is an estimate as this coffee does not have an official intensity level,Current,Medium,Medium,Low,Medium,Medium,Medium,Medium,Medium,Medium,Medium
OL1,Inspirazione Napoli,Original,Espresso,40ml,Dark & Creamy,13.0,8.7,0.87,"The most intense and darkest roast in this range, inspired by the capital of coffee, reveals the deep-rooted roasting traditions of Naples. Its depth of character should come as no surprise.","Ispirazione Napoli pays tribute to the short, strong and dark espressos of this southern Italian coastal city. It’s a velvety, creamy cup with an extremely thick body and a kiss of pleasant bitterness in its aftertaste. A velvety, creamy cup with an extremely thick body and pleasantly bitter cocoa notes.","Ristretto 25ml, Espresso 40ml","Intense, Roasted",1.0,5.0,5.0,5.0,3.0,3.0,3.0,3.0,Roast and ground coffee,10,57 g,https://www.nespresso.com/ecom/medias/sys_master/public/16216638324766/ispirazione-napoli-XL.png?impolicy=product&imwidth=150,https://www.nespresso.com/shared_res/agility/n-components/pdp/sku-main-info/coffee-sleeves/ol/ispirazione-napoli_L.png,No,Inspirazione Italiana,,Current,Dark,High,Low,High,High,High,Medium,Medium,Medium,Medium
OL2,Kazaar,Original,Espresso,40ml,Intense & Syrupy,12.0,8.7,0.87,"A long, dark roast inspired by the union of Sicilian coffee artistry and African and Arabian heritage is guaranteed to spice things up.","You’ll taste the audacious bitterness and peppery notes leaping out through the thick syrupy body. Together the Arabica and Robusta balance each other out in this espresso. It reflects both the Palermo coastal lifestyle and its rich history. You can sit back in the sun and enjoy your Kazaar on the terrace, with everything from the food on your plate to the architecture surrounding you whispering the histories of all who’ve passed through Palermo.","Ristretto 25ml, Espresso 40ml","Woody, Spicy",1.0,5.0,5.0,5.0,3.0,3.0,3.0,3.0,Roast and ground coffee,10,60 g,https://www.nespresso.com/ecom/medias/sys_master/public/16283547566110/Palermo-kazaar-XL.png?impolicy=product&imwidth=150,https://www.nespresso.com/shared_res/agility/n-components/pdp/sku-main-info/coffee-sleeves/ol/ispirazione-palermo-kazaar_L.png,No,Inspirazione Italiana,,Current,Dark,High,Low,High,High,High,Medium,Medium,Medium,Medium
OL3,Ristretto,Original,Espresso,40ml,Powerful & Contrasting,10.0,8.7,0.87,"This medium dark roast embodies Italy’s iconic coffee culture in just a short, quick sip.","A roasty and intense coffee but with fruity notes and a hint of acidity dancing through the blend – Ristretto is mysterious and magnetic in its complexity. It’s a profile worthy of an ambassador – a coffee that explains Italians’ passion for coffee and makes sense of why it’s ingrained in daily life. Extracted to the classic 25 ml, you’ll soon see how right the Italians are – this drop of deliciousness shows how less can truly be more.","Ristretto 25ml, Espresso 40ml","Very Roasted, Hint of Fruity",3.0,4.0,4.0,4.0,3.0,3.0,3.0,3.0,Roast and ground coffee,10,57 g,https://www.nespresso.com/ecom/medias/sys_master/public/16217625559070/ispirazione-ristretto-italiano-XL.png?impolicy=product&imwidth=150,https://www.nespresso.com/shared_res/agility/n-components/pdp/sku-main-info/coffee-sleeves/ol/ispirazione-ristretto_L.png,No,Inspirazione Italiana,,Current,Dark,High,Medium,High,High,High,Medium,Medium,Medium,Medium
OL4,Ristretto Decaffeinato,Original,Espresso,40ml,Powerful & Contrasting,10.0,9.2,0.92,"This medium dark roast embodies Italy’s iconic coffee culture in just a short, quick sip.
","Boldly roasty but balanced out by soft cocoa notes. You may catch some of the subtle acidity and fruity notes that make this Nespresso Decaf capsule so mysteriously complex. It’s a profile worthy of an ambassador – a coffee that explains Italians’ passion for coffee and makes sense of why it’s ingrained in daily life. Extracted to the classic 25 ml, you’ll soon see how right the Italians are – this drop of deliciousness shows how less can truly be more.","Ristretto 25ml, Espresso 40ml","Very Roasted, Hint of Fruity",3.0,4.0,4.0,4.0,3.0,3.0,3.0,3.0,Decaffeinated roast and ground coffee,10,58 g,https://www.nespresso.com/ecom/medias/sys_master/public/16262679461918/ristretto-italiano-decaffeinato-XL.png?impolicy=product&imwidth=150,https://www.nespresso.com/shared_res/agility/n-components/pdp/sku-main-info/coffee-sleeves/ol/ispirazione-ristretto-decaffeinato_XL.png,Yes,Inspirazione Italiana,,Current,Dark,High,Medium,High,High,High,Medium,Medium,Medium,Medium
OL5,Arpeggio,Original,Espresso,40ml,Intense & Creamy,9.0,8.7,0.87,"A short and dark roasted masterpiece such as this, can only come from the heart. Or in this instance, the cultural and artistic heart of Italy.","Arpeggio is dense and creamy with bold roasty and cocoa notes. The crema gives it a creamy, velvety texture that is irresistible. You might even call it high art.","Ristretto 25ml, Espresso 40ml","Intense, Very Roasted, Cocoa",2.0,4.0,4.0,4.0,3.0,3.0,3.0,3.0,Roast and ground coffee,10,53 g,https://www.nespresso.com/ecom/medias/sys_master/public/15990477783070/firenze-arpeggio-XL.png?impolicy=product&imwidth=150,https://www.nespresso.com/shared_res/agility/n-components/pdp/sku-main-info/coffee-sleeves/ol/ispirazione-firenze-arpeggio_L.png,No,Inspirazione Italiana,,Current,Dark,High,Medium,High,High,High,Medium,Medium,Medium,Medium
OL6,Arpeggio Decaffeinato,Original,Espresso,40ml,Intense & Creamy,9.0,9.2,0.92,"A short and dark-roasted masterpiece such as this can only come from the cultural and artistic heart of Italy.
","Arpeggio Decaffeinato is as dense and creamy as the no decaffeinated version. Decaffeination doesn’t diminish the bold roasty and cocoa notes. The crema gives it a creamy, velvety texture that is irresistible.","Ristretto 25ml, Espresso 40ml","Very Roasted, Cocoa",2.0,4.0,4.0,4.0,3.0,3.0,3.0,3.0,Decaffeinated roast and ground coffee,10,55 g,https://www.nespresso.com/ecom/medias/sys_master/public/15942162972702/firenze-arpeggio-decaffeinato-XL.png?impolicy=product&imwidth=150,https://www.nespresso.com/shared_res/agility/n-components/pdp/sku-main-info/coffee-sleeves/ol/ispirazione-firenze-arpeggio-decaffeinato_L.png,Yes,Inspirazione Italiana,,Current,Dark,High,Medium,High,High,High,Medium,Medium,Medium,Medium
OL7,Inspirazione Venezia,Original,Espresso,40ml,Balanced & Thick Body,8.0,8.7,0.87,"Unsurprisingly, this long roast wasn’t discovered overnight, but was rather inspired by Italy’s enduring roasting traditions that have been passed down through generations.","Ispirazione Venezia is a mellow, rounded and delicately aromatic coffee that will remind you of coffee beans fresh out of the roaster – taking you back in time to the early days of Italy’s coffee trade. Its lighter roast keeps the delicate aromas intensely present while developing a thick body. In Venezia you can’t miss the distinct cereal fragrance and those notes of sweet caramel that we all find so reassuring.","Ristretto 25ml, Espresso 40ml",Roasted,1.0,3.0,4.0,4.0,3.0,3.0,3.0,3.0,Roast and ground coffee,10,56 g,https://www.nespresso.com/ecom/medias/sys_master/public/14441095725086/ispirazione-venezia-XL.png?impolicy=product&imwidth=150,https://www.nespresso.com/ecom/medias/sys_master/public/13953171390494/C-0472-Main-PDP-IspirazioneItaliana-Venezia-OL.jpg?impolicy=productPdpSafeZone&imwidth=1238,No,Inspirazione Italiana,,Current,Medium,Medium,Low,Medium,High,High,Medium,Medium,Medium,Medium
OL8,Inspirazione Roma,Original,Espresso,40ml,Full & Balanced,8.0,8.7,0.87,"Combining the ancient character of Rome with a twist of modernity, this short roast balances intensity with elegant aromatics, reflecting the complexity of this great city. Thankfully, making one for yourself is less complex.","From the days of Ancient Rome, a great many cultures passed through this metropolis. Different layers of civilization towering up to the present day when Modern Rome adds its layer of elegance to the rich history of the city. Ispirazione Roma, too, is beautifully complex. There’s a subtle balance between the strength of the roastiness, the depth of the woodsy, cereal notes, and the finesse of the acidity and elegant aromatics.","Ristretto 25ml, Espresso 40ml","Woody, Cereal",4.0,4.0,3.0,3.0,3.0,3.0,3.0,3.0,Roast and ground coffee,10,50 g,https://www.nespresso.com/ecom/medias/sys_master/public/14441097035806/ispirazione-roma-XL.png?impolicy=product&imwidth=150,https://www.nespresso.com/shared_res/agility/n-components/pdp/sku-main-info/coffee-sleeves/ol/ispirazione-roma_L.png,No,Inspirazione Italiana,,Current,Medium,Medium,High,High,Medium,Medium,Medium,Medium,Medium,Medium
OL9,Livanto,Original,Espresso,40ml,Round & Balanced,6.0,8.7,0.87,"In honour of Genoa, the gateway to the world, we used some of the finest Latin American Arabicas to create this sweet, medium roast.","Livanto is a smooth, rounded and delicately aromatic coffee. Its lighter roast develops the smooth and full body and keeps the finer aromas present. You’ll catch a toasted cereal fragrance and sweet caramel notes.",Espresso 40ml,Balanced,3.0,3.0,3.0,3.0,3.0,3.0,3.0,3.0,Roast and ground coffee,10,53 g,https://www.nespresso.com/ecom/medias/sys_master/public/14441097134110/ispirazione-genova-livanto-XL.png?impolicy=product&imwidth=150,https://www.nespresso.com/ecom/medias/sys_master/public/13245281894430/C-0477-Main-PDP-IspirazioneItaliana-GenovaLivanto-OL.jpg?impolicy=productPdpSafeZone&imwidth=1238,No,Inspirazione Italiana,,Current,Medium,Medium,Medium,Medium,Medium,Medium,Medium,Medium,Medium,Medium
OL10,Cape Town Lungo,Original,Lungo,110ml,Potent & Roasted,10.0,9.2,0.92,"A deep-roasted, intense, and full-bodied cup with a woodsy aroma and punchy bitterness reminiscent of the Robusta cargo that shaped Cape Town’s taste in coffee.","This blend brings you Cape Town’s taste in coffee. With South Africa as a stopping point on the old trade routes, Asian coffees shaped local taste over time. World Explorations Cape Town Lungo reflects this preference with a blend of Indian Arabica and Robusta. It results in our most intense Lungo – full-bodied and with a punchy bitter note and woodsy aroma. Enjoy it like a local: Add a splash of milk to your long cup and experience the silky texture.",Lungo 110ml,"Roasted, Woody",1.0,4.0,5.0,4.0,3.0,3.0,3.0,3.0,Roast and ground coffee,10,55 g,https://www.nespresso.com/ecom/medias/sys_master/public/14441093136414/capetown-envivo-lungo-XL.png?impolicy=product&imwidth=150,https://www.nespresso.com/shared_res/agility/n-components/pdp/sku-main-info/coffee-sleeves/ol/cape-town-envivo-lungo_L.png,No,World Explorations,,Current,Dark,High,Low,High,High,High,Medium,Medium,Medium,Medium
OL11,Miami Espresso,Original,Espresso,40ml,Roasted with a peppery note,9.0,8.7,0.87,"Walk the streets of Miami and you’ll pass dozens of ventanitas. These ‘little windows’ are portholes to Cuba; miniature coffee shops dishing out small bites and coffee—the short Cafecito or the larger Colado to share. The city is a melting pot of traditions and World Explorations Miami Espresso is a bold blend of Arabica and Robusta coffees that echoes that. Caribbean Arabica joins Latin American coffees, sealing the authenticity of this archetypal Cuban-style cup. While Americans grab their tall coffees to-go, Miami reflects its strong Hispanic influence: coffee is short and shared.","Short, dark split roasting and a fine grind help evoke every ventanita’s Cuban Cafecito. Always sweetened with a sprinkle of brown sugar, this coffee is as vibrant as the context in which it’s enjoyed. While Americans grab their tall coffees to-go, Miami reflects its strong Hispanic influence: coffee is short and shared. Intense, with thick crema, its strong roasted character begs for brown sugar to soften the bitter notes. Enjoy your Cafecito with brown sugar and people because in Miami, coffee is a way to be together.","Ristretto 25ml, Espresso 40ml",Roasted,1.0,4.0,5.0,4.0,3.0,3.0,3.0,3.0,Roast and ground coffee,10,56 g,https://www.nespresso.com/ecom/medias/sys_master/public/15104178651166/before-PLP-318x318px.png?impolicy=product&imwidth=150,https://www.nespresso.com/ecom/medias/sys_master/public/15143388676126/AT-B2C-2022-WEX-Miami-Image-Set-Desktop.png,No,World Explorations,,Current,Dark,High,Low,High,High,High,Medium,Medium,Medium,Medium
OL12,Rio De Janeiro Espresso,Original,Espresso,40ml,Cereal & Spicy,9.0,8.7,0.87,"Embodying the spirit of this lively and colourful city, World Explorations Rio de Janeiro Espresso reflects the country’s deeply rooted heritage of both growing and drinking coffee. An intense, exotic and velvety espresso crafted exclusively with Brazilian Arabicas. Its unique touch of sandalwood and herbal notes will give you a glimpse into the Brazilian way of life. Drink it like a local: Double your espresso with hot water to taste the typical smooth Carioca coffee.
",An Arabica-only espresso with a complex split roast delivers a surprisingly full body and strong roasted notes graced with exotic herbal aromas,Espresso 40ml,Spicy,1.0,4.0,4.0,4.0,3.0,3.0,3.0,3.0,Roast and ground coffee,10,55 g,https://www.nespresso.com/ecom/medias/sys_master/public/15430408437790/C-0888-before-PLP-318x318px.png?impolicy=product&imwidth=150,https://www.nespresso.com/ecom/medias/sys_master/public/15200754532382/C-0889-Responsive-PDP-Main-6272x2432.jpg?impolicy=productPdpSafeZone&imwidth=1238,No,World Explorations,,Current,Dark,High,Low,High,High,High,Medium,Medium,Medium,Medium
OL13,Instanbul Espresso,Original,Espresso,40ml,Roasted with a fruity note and a hint of almond,8.0,8.7,0.87,"Istanbul Espresso takes you back in time to the original coffeehouses. This intense ambrosial brew bursts with boldness, wild ripe fruits, and a delicate almond touch. Thick and velvety in homage to Turkish coffee, its Ethiopian Arabica and Indian Robusta remind us of this city at the crossroads of the ancient coffee trade routes. It’s a blend as cosmopolitan as the crowd gathered in an Istanbul coffeehouse. Enjoy it like a local: Accompany it with a glass of water and a piece of Turkish Delight.","A complex espresso full of wild aromatics and a balance of both bitter roasted and fruity notes, with a touch of acidity and an almond finish that hints at sweetness.","Ristretto 25ml, Espresso 40ml","Fruity, Roasted",4.0,3.0,3.0,3.0,3.0,3.0,3.0,3.0,Roast and ground coffee,10,56 g,https://www.nespresso.com/ecom/medias/sys_master/public/15414727049246/before-PLP-318x318px.png?impolicy=product&imwidth=150,https://www.nespresso.com/shared_res/agility/n-components/B2C-enriched-pdp-wex-2022/istanbul-espresso/main-image_S.png,No,World Explorations,,Current,Medium,Medium,High,Medium,Medium,Medium,Medium,Medium,Medium,Medium
OL14,Stockholm Lungo,Original,Lungo,110ml,Rich & Full-bodied,8.0,9.2,0.92,"An intense all-Arabica coffee best enjoyed black to savour the pure taste beloved by Swedes – malty, with a hint of rich bitterness.","Swedes are among the world’s biggest coffee consumers. Wander around Stockholm, and you’ll often find intense black coffees with a malty savoury note coming from the distinctive Monsoon Arabica. World Explorations Stockholm Lungo recreates the aromatic profile of a Swedish coffee by coupling Monsooned Malabar with Colombian Arabica for an intense, sweet cup with a hint of bitterness. Drink it like a local: Share your large flavourful cup and cinnamon rolls with friends and family.",Lungo 110ml,Roasted,2.0,3.0,4.0,2.0,3.0,3.0,3.0,3.0,Roast and ground coffee,10,60 g,https://www.nespresso.com/ecom/medias/sys_master/public/15906838806558/stockholm-fortissio-lungo-XL.png?impolicy=product&imwidth=150,https://www.nespresso.com/ecom/medias/sys_master/public/13753029689374/C-0686-Main-PDP-Lungo-Stockholm-OL.jpg?impolicy=productPdpSafeZone&imwidth=1238,No,World Explorations,,Current,Medium,Medium,Medium,Medium,High,Medium,Medium,Medium,Medium,Medium
OL15,Paris Espresso,Original,Espresso,40ml,"Cereal and biscuity, with a hint of citrus",6.0,8.7,0.87,Travel the world through coffee – and discover unique and typical tastes brought to you from cities around the world,"A balanced coffee with light bitterness, cereal biscuity notes, pleasant acidity and a hint of citrus.",Espresso 40ml,Cereal,2.0,3.0,3.0,3.0,3.0,3.0,3.0,3.0,Roast and ground coffee,10,56 g,https://www.nespresso.com/ecom/medias/sys_master/public/15414968844318/C-0887-before-PLP-318x318px.png?impolicy=product&imwidth=150,https://www.nespresso.com/shared_res/agility/n-components/B2C-enriched-pdp-wex-2022/paris-espresso/main-image_S.png,No,World Explorations,,Current,Medium,Medium,Medium,Medium,Medium,Medium,Medium,Medium,Medium,Medium
OL16,Tokyo Lungo,Original,Lungo,110ml,Floral & Complex,6.0,9.2,0.92,"The high quality Arabicas deliver exceptional flowery aromas and complex tastes worthy of Tokyo’s refined palate.
","Known for tea, the Japanese also have a real affinity for coffee. Striving for sophistication and natural sweetness, they love both a rich coffee and a balance of elegant aromas. World Explorations Tokyo Lungo captures the essence of these preferences with refined Ethiopian and Mexican Arabicas. Complex, floral, with a hint of acidity – you will be pleasantly surprised by this cup. Drink it like a local: Extract your long black cup up to 150ml and take time to savour its aromas.",Lungo 110ml,Roasted,1.0,2.0,3.0,3.0,3.0,3.0,3.0,3.0,Roast and ground coffee,10,58 g,https://www.nespresso.com/ecom/medias/sys_master/public/15942164447262/ol-tokyo-vivalto-lungo-XL.png?impolicy=product&imwidth=150,https://www.nespresso.com/shared_res/agility/n-components/pdp/sku-main-info/coffee-sleeves/ol/tokyo-vivalto-lungo_S.png,No,World Explorations,,Current,Medium,Medium,Low,Medium,Medium,Medium,Medium,Medium,Medium,Medium
OL17,Vienna Lungo,Original,Lungo,110ml,Round & Smooth,6.0,9.2,0.92,"From coffeehouse to home coffee gathering, this balanced blend of smooth and silky South American Arabicas pairs perfectly with your viennoiserie.","Vienna’s coffeehouse tradition shaped the coffee culture of this vibrant city, known for its many recipes and the smoothness of its coffee. World Explorations Vienna Lungo recreates this balanced and pleasant Viennese taste by pairing sweet Brazilian and Colombian Arabicas, lightly roasted by our experts to enhance the malty and aromatic notes in the cup. Enjoy it like a local: Top up your Lungo with hot water for a 150ml cup and pair it with a slice of cake.",Lungo 110ml,Cereal,1.0,2.0,3.0,2.0,3.0,3.0,3.0,3.0,Roast and ground coffee,10,55 g,https://www.nespresso.com/ecom/medias/sys_master/public/14441093333022/vienna-linizio-lungo-XL.png?impolicy=product&imwidth=150,https://www.nespresso.com/shared_res/agility/n-components/pdp/sku-main-info/coffee-sleeves/ol/vienna-linizio-lungo_XL.png,No,World Explorations,,Current,Medium,Medium,Low,Medium,Medium,Medium,Medium,Medium,Medium,Medium
OL18,Shanghai Lungo,Original,Lungo,110ml,Fruity with fine acidity,5.0,9.2,0.92,"Venice has a long history of importing the world’s coffees and expertly roasting these diverse coffees into harmony. Their expertise inspired the beautifully balanced roast of Ispirazione Venezia. Worthy of a noble dessert, the classic caramel and cereal notes of this coffee marry elegantly with the decadent ingredients of this rich tiramisu.","WORLD EXPLORATIONS SHANGHAI LUNGO is an insight into the emerging Asian coffee culture. Crafted from Kenyan, Chinese and Indonesian Arabicas, this distinctive light-roast blend will please the palate with its berry notes and fine acidity. Enjoy it like a local: Lengthen this long cup of coffee with a splash of cream and take it on-the-go",Lungo 110ml,Fruity,2.0,1.0,2.0,2.0,3.0,3.0,3.0,3.0,Roast and ground coffee,10,56 g,https://www.nespresso.com/ecom/medias/sys_master/public/16106997547038/shanghai-lungo-plp.png?impolicy=product&imwidth=150,https://www.nespresso.com/shared_res/agility/n-components/pdp/sku-main-info/coffee-sleeves/ol/shangai-lungo_S.png,No,World Explorations,,Current,Medium,Medium,Medium,Low,Medium,Medium,Medium,Medium,Medium,Medium
OL19,Buenos Aires Lungo,Original,Lungo,110ml,Sweet & Cereal,4.0,9.2,0.92,"A destination for true foodies, Buenos Aires is a highlight of Argentina’s vibrant food scene. Sweetness prevails, and coffee is no exception: they love it sweet and milky!",WORLD EXPLORATIONS BUENOS AIRES LUNGO blends a gently roasted Colombian Arabica with Ugandan Robusta to deliver distinct cereal and sweet popcorn notes. A tribute to the city’s love for smooth long cups. Drink it like a local: Add a generous drop of milk and sugar at will to your Lungo for an extra treat.,Lungo 110ml,Cereal,2.0,1.0,1.0,3.0,3.0,3.0,3.0,3.0,Roast and ground coffee,10,56 g,https://www.nespresso.com/ecom/medias/sys_master/public/14441093759006/buenos-aires-lungo-XL.png?impolicy=product&imwidth=150,https://www.nespresso.com/shared_res/agility/n-components/pdp/sku-main-info/coffee-sleeves/ol/buenos-aires-lungo_L.png,No,World Explorations,,Current,Blonde,Low,Medium,Low,Low,Medium,Medium,Medium,Medium,Medium
OL20,India,Original,Lungo,110ml,Robusta Monsson,11.0,9.7,0.97,"Master Origins India with Robusta Monsoon gets its intense, woody, spicy aromatics from the monsooned Robusta blended into Indian Arabica.","Monsooning coffees is unique to India’s southwest coast. Months of monsoonal winds repeatedly swell and dry the beans. It mimics the journey it used to take when sailing to Europe. If you’re changing track, try this coffee as a Latte Macchiato. You’ll still catch the long-lasting wood and spice aromatics and all of Master Origins India with Robusta Monsoon’s intensity. This Arabica Robusta blend makes a great coffee with milk.","Espresso 40ml, Lungo 110ml","Intense, Spicy",1.0,5.0,5.0,3.0,3.0,3.0,3.0,3.0,Roast and ground coffee,10,55 g,https://www.nespresso.com/ecom/medias/sys_master/public/14441091170334/india-XL.png?impolicy=product&imwidth=150,https://www.nespresso.com/shared_res/agility/n-components/pdp/sku-main-info/coffee-sleeves/ol/india_L.png,No,Origins,,Current,Dark,High,Low,High,High,Medium,Medium,Medium,Medium,Medium
OL21,Indonesia - Fairtrade,Original,Lungo,110ml,Wet hulled Arabica,8.0,9.7,0.97,Master Origins Indonesia wet-hulled Arabica is a race against rain.,"Sumatran farmers wet-hull their coffee because of the humid climate. They remove the parchment when the coffee is soft and moist because exposed beans dry faster. The method is unique to them and produces the classic Indonesian taste - velvety thick, wildly aromatic, notes of cured tobacco. Try Master Origins Indonesia wet-hulled Arabica with a dash of milk - nutty, woody and roasted notes emerge in this intense coffee with milk.","Espresso 40 ml, Lungo 110ml","Intense, Cereal, Woody",2.0,3.0,4.0,3.0,3.0,3.0,3.0,3.0,Roast and ground coffee,10,56 g,https://www.nespresso.com/ecom/medias/sys_master/public/14441091596318/indonesia-XL.png?impolicy=product&imwidth=150,https://www.nespresso.com/shared_res/agility/n-components/pdp/sku-main-info/coffee-sleeves/ol/indonesia_S.png,No,Origins,Certified by Fair Trade Canada,Current,Medium,Medium,Medium,Medium,High,Medium,Medium,Medium,Medium,Medium
OL22,Colombia,Original,Lungo,110ml,Late Harvest Arabica,6.0,9.7,0.97,"Master Origins Colombia with Late Harvest uses only high-grown, washed processed Colombian Arabica.",Can you taste the lively acidity and the burst of winey red fruit aromas? That comes from those coffee farmers who dared to wait longer before harvesting their crop. Like your coffee with milk? Master Origins Colombia with Late Harvest Arabica makes a delicate and creamy cappuccino. Sweet biscuit notes emerge when this Colombian coffee combines with milk froth.,Espresso 40ml. Lungo 110ml,Fruity,4.0,3.0,3.0,2.0,3.0,3.0,3.0,3.0,Roast and ground coffee,10,57 g,https://www.nespresso.com/ecom/medias/sys_master/public/14441091694622/colombia-XL.png?impolicy=product&imwidth=150,https://www.nespresso.com/shared_res/agility/n-components/pdp/sku-main-info/coffee-sleeves/ol/colombia_S.png,No,Origins,,Current,Medium,Medium,High,Medium,Medium,Medium,Medium,Medium,Medium,Medium
OL23,Peru Organic,Original,Lungo,110ml,High up in the Andes,6.0,9.7,0.97,"We traveled across remote Peruvian regions in search of some of the finest organic Arabica beans. High up above 1000 meters, tucked into the slopes of the Andes, we found them. Blessed with the meticulous care of smallholder farmers, Peru Organic is an elegant, fruity coffee accented by a smooth toasted cereal note.","An elegant organic Arabica crafted by remote smallholder farmers in Peru’s remote Andes’ mountains, graced with smooth toasted cereal and fruit notes. After going to such great lengths to source the finest organic Peruvian coffee, it was only natural to take the same care in roasting this coffee. Peru Organic is a single origin coffee roasted in two parts to bring a nuanced complexity to the final cup. The two splits are lightly roasted and highlight the bright and smooth character of the blend while revealing the exotic fruity notes.",Espresso 40ml. Lungo 110ml,Fruity,4.0,3.0,3.0,3.0,3.0,3.0,3.0,3.0,Roast and ground coffee,10,58 g,https://www.nespresso.com/ecom/medias/sys_master/public/15448290885662/7734.10-PLP-318x318.png?impolicy=product&imwidth=150,https://www.nespresso.com/shared_res/agility/n-components/pdp/sku-main-info/coffee-sleeves/ol/peru_S.png,No,Origins,,Current,Medium,Medium,High,Medium,Medium,Medium,Medium,Medium,Medium,Medium
OL24,Nicaragua,Original,Lungo,110ml,"With ""Black-Honey"" Processed Arabica",5.0,9.7,0.97,"If Black Honey processing were the easy road to a nectarous coffee, they’d all do it. But only a few farmers dare. It’s a rare process because it calls for meticulous monitoring. Master Origins Nicaragua with ‘Black-Honey’ processed Arabica contains this coffee. It gives this Nicaraguan Arabica its smooth honeyed texture and sweet cereal notes.","With ''Black-Honey'' processed Arabica, Master Origins Nicaragua is a nectarous coffee. It has a satiny smooth texture and warming sweet cereal notes. Its distinct sweetness comes from the rare Black-Honey process. If you like it with milk froth, Master Origins Nicaragua with ‘Black-Honey’ processed Arabica makes a rich latte macchiato. As a coffee with milk, it’s balanced and has nutty, roasted notes that surface.","Espresso 40ml, Lungo 110ml",Honey,2.0,2.0,2.0,1.0,3.0,3.0,3.0,3.0,Roast and ground coffee,10,50 g,https://www.nespresso.com/ecom/medias/sys_master/public/14441091792926/nicaragua-XL.png?impolicy=product&imwidth=150,https://www.nespresso.com/shared_res/agility/n-components/pdp/sku-main-info/coffee-sleeves/ol/nicaragua_S.png,No,Origins,,Current,Medium,Medium,Medium,Medium,Medium,Low,Medium,Medium,Medium,Medium
OL25,Ethiopea,Original,Lungo,110ml,Ethiopia with Dry Processed Arabica,4.0,9.7,0.97,This is Ethiopian Arabica at its finest - decadently aromatic.,"It has an orange blossom aroma, but the rich fruit jam notes come from the sun-dried coffee in Master Origins Ethiopia with dry processed Arabica. Continually hand-turning the coffee cherry to ensure even drying calls for great care. And Ethiopian farmers have used this method for longer than anyone else. If you like milk and coffee, try Master Origins Ethiopia with dry processed Arabica with milk froth to make a cappuccino. You’ll find all the delicate floral notes still smoothly dancing through this cup of coffee with milk.","Espresso 40ml, Lungo 110ml",Fruity,4.0,2.0,2.0,1.0,3.0,3.0,3.0,3.0,Roast and ground coffee,10,56 g,https://www.nespresso.com/ecom/medias/sys_master/public/14441091891230/ethiopia-XL.png?impolicy=product&imwidth=150,https://www.nespresso.com/shared_res/agility/n-components/pdp/sku-main-info/coffee-sleeves/ol/ethiopia_L.png,No,Origins,,Current,Blonde,Low,High,Medium,Medium,Low,Medium,Medium,Medium,Medium
OL26,Capriccio,Original,Espresso,40ml,Rich & Distinctive,5.0,8.7,0.87,"Capriccio is the rich, unique espresso that is ready to astonish with its complex and balanced bouquet.",Its distinct cereal notes are characteristic of the Brazilian Arabica and touch of Robusta we use. But then Capriccio surprises you with a fine acidity that gleams through - that comes from the high-grown South American Arabicas and the light roast. Adding milk will bring out the biscuit and caramel notes - it highlights the coffee’s sweetness. You can really indulge with this in a Capriccio cappuccino or Latte Macchiato.,Espresso 40ml,"Balanced, Cereal",3.0,3.0,2.0,2.0,3.0,3.0,3.0,3.0,Roast and ground coffee,10,50 g,https://www.nespresso.com/ecom/medias/sys_master/public/15762782748702/capriccio.png?impolicy=product&imwidth=150,https://www.nespresso.com/shared_res/agility/commons/img/coffees/OL/composition/ol_coffee-sleeves_capriccio_16-9.png,No,Espresso,,Current,Medium,Medium,Medium,Medium,Medium,Medium,Medium,Medium,Medium,Medium
OL27,Cosi,Original,Espresso,40ml,Mild & Delicately roasted,4.0,8.7,0.87,Light roasting classic coffees keeps their distinguished aromatics alive. Cosi meets your palate with a smile.,"It’s a blend of world-renowned Arabicas - from East Africa and Latin America. Kenya brings the jammy ripe, red fruit notes to Costa Rica’s rich, sweet cereal base. The light roast and coarse grind keeps this espresso mild and rounded without losing any of its soul. Cosi with milk takes on an indulgent silky texture and sweet biscuit notes.",Espresso 40ml,"Fruity, Cereal",3.0,2.0,2.0,2.0,3.0,3.0,3.0,3.0,Roast and ground coffee,10,50 g,https://www.nespresso.com/ecom/medias/sys_master/public/15762785566750/cosi.png?impolicy=product&imwidth=150,https://www.nespresso.com/shared_res/agility/commons/img/coffees/OL/composition/ol_coffee-sleeves_cosi_16-9_2x.png,No,Espresso,,Current,Blonde,Low,Medium,Medium,Medium,Medium,Medium,Medium,Medium,Medium
OL28,Volutto,Original,Espresso,40ml,Sweet & Light,4.0,8.7,0.87,The delicate and generous aromas of Brazilian and Colombian Arabicas strike graceful harmony in this approachable espresso.,"Volluto is sunny living. The natural Brazilian Arabica mellows out in its pre-shipment resting time. The medium roast softens the Brazil’s cereal notes and turns them to sweet biscuit. And the washed Arabica from Colombia brings delightful fresh red fruit notes to the blend. The medium roast and grind rounds out these flavors and creates a perfectly balanced espresso. Volluto comforts like the smell of fresh, oven-baked brioche does. This sweet and light espresso stays in full-bodied balance when you add milk.",Espresso 40ml,"Balanced, Fruity, Cereal",3.0,2.0,2.0,2.0,3.0,3.0,3.0,3.0,Roast and ground coffee,10,50 g,https://www.nespresso.com/ecom/medias/sys_master/public/15762784452638/volluto-XL.png?impolicy=product&imwidth=150,https://www.nespresso.com/shared_res/agility/n-components/pdp/sku-main-info/coffee-sleeves/ol/volluto_S.png,No,Espresso,,Current,Blonde,Low,Medium,Medium,Medium,Medium,Medium,Medium,Medium,Medium
OL29,Volutto Decaffeinato,Original,Espresso,40ml,Sweet & Light,4.0,8.7,0.87,Sweet and light. Delightfully balanced cereal and fruity notes. Volluto has an easy way about it.,"And Volluto Decaffeinato is faithful to form - Brazilian and Colombian coffees are carefully composed and now gently decaffeinated - for very sunny living. We decaffeinate naturally to make sure the coffee beans’ quality and taste is protected as much as possible. And just as with Volluto, in a Volluto Decaffeinato with milk you’ll taste the irresistible charm of those easy sweet biscuit and caramel notes with a splash of lively fruit aromas.",Espresso 40ml,"Cereal, Fruity, Balanced",3.0,2.0,2.0,2.0,3.0,3.0,3.0,3.0,Decaffeinated roast and ground coffee,10,50 g,https://www.nespresso.com/ecom/medias/sys_master/public/15942161104926/volluto-decaffeinato-XL.png?impolicy=product&imwidth=150,https://www.nespresso.com/shared_res/agility/commons/img/coffees/OL/composition/ol_coffee-sleeves_volluto-decaffeinato_16-9.png,Yes,Espresso,,Current,Blonde,Low,Medium,Medium,Medium,Medium,Medium,Medium,Medium,Medium
OL30,Corto,Original,Espresso,40ml,Very spicy and slightly smoked,11.0,9.7,0.97,"Inspired by the dark roasted tastes and thick textures created by the expert baristas of Spain, we selected a blend of African Arabicas and Robusta, and roasted them long and dark to create a powerful, full-bodied taste, which becomes smoother and creamier with a splash of milk.","For BARISTA CREATIONS Corto, we took our inspiration from the dark roasts and thick textures created by the expert baristas in Spain, that is why it is easily recognizable by its raw strength and intense, roasty character. Corto can punch through milk with its rich aftertaste, elegant bitterness, and a thick, textured body. With a dash of hot milk and milk froth crowning the cup, you’ll experience Corto in the traditional cortado recipe’s way.","Capuccino, Latte Macchiato",Intense,3.0,3.0,3.0,3.0,1.0,5.0,5.0,1.0,Roast and ground coffee,10,58 g,https://www.nespresso.com/ecom/medias/sys_master/public/14438025363486/corto-XL.png?impolicy=product&imwidth=150,https://www.nespresso.com/shared_res/agility/n-components/pdp/sku-main-info/coffee-sleeves/ol/corto_L.png,No,Barista Creations,The intensity provided is an estimate as this coffee does not have an official intensity level,Current,Dark,High,Medium,Medium,Medium,Medium,Low,High,High,Low
OL31,Scuro,Original,Espresso,40ml,With balanced biscuit notes,8.0,9.7,0.97,"Taking our inspiration from Melbourne baristas - the masters of robust, but perfectly balanced tastes.","Our BARISTA CREATIONS Scuro shows you how intense your coffee can get while still staying beautifully in balance with milk. It’s just roasty enough to push through milk, and its delicate sweetness tempers its intensity to make it a compelling intense Cappuccino or Latte Macchiato.","Capuccino, Latte Macchiato","Roasted, Balanced",3.0,3.0,3.0,3.0,3.0,3.0,2.0,3.0,Roast and ground coffee,10,50 g,https://www.nespresso.com/ecom/medias/sys_master/public/16291413262366/scuro-OL-XL.png?impolicy=product&imwidth=150,https://www.nespresso.com/shared_res/agility/n-components/pdp/sku-main-info/coffee-sleeves/ol/scuro_L.png,No,Barista Creations,The intensity provided is an estimate as this coffee does not have an official intensity level,Current,Medium,Medium,Medium,Medium,Medium,Medium,Medium,Medium,Medium,Medium
OL32,Chiaro,Original,Espresso,40ml,With notes of caramel and sweet biscuits,6.0,9.7,0.97,"Inspired by the baristas of Brooklyn, who value the natural sweetness of coffee and apply a light roast to protect it.","BARISTA CREATIONS Chiaro has hardly a hint of roastiness, and almost no bitterness or acidity you can perceive. It’s all creamy caramel and sweet biscuit notes when you add milk. The baristas in Brooklyn inspired us in the way their light roast values the natural sweetness of coffee and lends a decadent smoothness to the cup when you add milk.","Capuccino, Latte Macchiato",Balanced,3.0,3.0,3.0,3.0,5.0,1.0,1.0,4.0,Roast and ground coffee,10,48 g,https://www.nespresso.com/ecom/medias/sys_master/public/16154719715358/chiaro-XL.png?impolicy=product&imwidth=150,"data:image/jpeg;base64,/9j/4AAQSkZJRgABAQAAAQABAAD/2wCEAAkGBxATEhUSEhIVEA8VFRcXFRUVFhAWERUPFRUYFhUVFhUYHSggGBolGxUVITEhJikrLi4uFx8zODMtNygtLisBCgoKDg0OGhAQGzciHSAvLS4tKzctLysvLS0tKystLS0tNy4tNystLS0tLSstLSstLy0tLS0tLS0tLS0tLSsrLf/AABEIAKgBLAMBIgACEQEDEQH/xAAcAAEAAgMBAQEAAAAAAAAAAAAABAUDBgcCAQj/xABKEAABAwICBQgFBwsACwAAAAABAAIDBBEFIQYSMUFREyIyYXGBkaEHcrHB0RQjM0JSYqIVJENTc4KSsrPh8CVjZIOEk8LD0uLx/8QAGAEBAAMBAAAAAAAAAAAAAAAAAAECAwT/xAAkEQEAAgIBAwQDAQAAAAAAAAAAAQIDETEEEyESFEFhIjJR8P/aAAwDAQACEQMRAD8A7iiIgIiICIiAiIgIiIML6loNs3O4NBPiRkO9fRMfsO/D8Vy7Ea2QV5YWML+UJa02cOdt5+rdud8gt2mGobFpz3ta54bkMi1ouc+vggvOUP2T+H4r5y33HfhPsK17lH5WjcfvOELGnuMhcPBQsWopZWkFtM1m8uY+V1rbRcxgHvKDbYKqN5Ia4EjaN47Qsy5noHXStq+RbC3kncpd5dYtgZ0NVoye4u2gbL7TZdMQEREBERAREQEREBERAREQEREBERAREQEREBERAREQEREBERAREQEReJpA1pcdjQSewC6DQafCXzYrUk2ZTRahGqG35ZzQ61iLcXHfmFtxw/frnvbH8FC0abaN0ryBJPI6VwyvY2az8LW+Ks3VsY2uHmgwfk7/AFhHYGrxNg7HtLXvc5p2giL/AMVnOKQfbHg74IMSgP6Qeaga7oJByc1XC4NLoZA1hsNbki24N9oB4fdW5LWZi2KrZUMsWTNEUpBHSbcxuPi4LZlIIiICIiAiIgIiICIiAiIgIiICIiAiIgIiICIiAiIgIiICIiAiIgKJiObdXaHbexS1Cqzd1upRKYR44ABs/wDih1EIKspNigTFUSrJqccV4EA61IkK8tRL5yQ7VsuGy60bTvGR7QtfCtcDf0m9h9x9gUwiVqiIrqiIiAiIgIiICIiAiIgIiICIiAiIgIiICIiAiIgIiICIiAiIgKBP9Ie72BT1Xz/SHu9gUSmHycquncp1QVVVD1RZHe7NfWOUd7817Y5BKBVjgZ57vV96qg5WWAnnu9X3hTHJK9REV1BERAREQEREBERAREQEREBERAREQEREBERAREQEREBERAREQFW1B+cPd7ArJVdV9Ie72BRZMPFSVT1LlbVRyVLUlUWRHuzWSNyjvOa9xlBLBVpo+fnHer7wqdrlb4E1zXlzgQ0tsCeNwpjlEthRRnVY3BeDVnqV1UxFB+VO/wAsnyl3FBORQOXdxXg1L/8ALILJFW/LH9S9txA7wEE9FAfiORsy53DWAue0jJadj+m2IwXIw4NYP0hkMrbcSIwNXvKDoCLhlT6RcTlybLHD1Rxs2dsmsqvEMVq5L8rVTON82ukcGavqg28kHe63FaaH6WeKL13sb7So1NpJQyZMqoXHhyjL+BN1+eopREbsl1D90ELOccntq65cLWvqsBt1uAufFB+kmuBFwbjiNi+r8yU1ZKw3jJidvLXFpPe03VrBpdikfRrZB62rJ/UB9iD9DItL9GGP1NXDKah4kcyQNDg1rSQWg5huW3qW6ICIiAiIgIiICIiAiIgIiICq6v6Q93sCtFVVf0h7vYFFkwxVKpqlXFUqatka0XcQ0cSQB4lUWV79q9xqprNI6NnSnYbfZJefBgKrJdO6QZNbJIewNHi4g+SaG+4Y5rTrOaXZ2uBfV4ZbeOfUrlkzXdEh3YVzzQrTH5TUmAxiIOY4t+c1nF7M7WsPq6x37F0MQMcLuaCRvIBPirwrL45eCspphuuO93xUeW43+xSh9N15Lio8lS4cFFlxCTg3wPxQT3SlePlBVRLiknBvgfiocuLzfdH7v91A2PlljdOtTnxao+3bsaz3hQZqqY7ZXeNvZZBuj60DabBV8+lFOzIyax4Mu4+Iy8StMnjvm4lx67k+ajtiBcABtNkSqNMHxOqnuibyTHBri0BttZzQSe+4J67qmDR/hK3ilweCXOobMQdfUfCNZzWscGgOFjcE652butY5tCI5L/JKtskn6qZpjkPGxNr+FutWiUNPaLbAB4IFlq6WSJ7o5WGORuTmuyI/t1rDdShlaUJXgFelA616FR8xUfth/IF0Zc89C4/N5/2w/ptXQ1CRERAREQEREBERARYK4nk32yOo6xFwb6p2ELkWN6Luqbk1tWLjoySumh/5biD5rO+WtJ1K9cc2jw6lX4/RwfTVMMR4OkYHeBN1rtb6UcJYSBM+Zw3RxSkdznANPiuT1Xo+qmD5t0Mw4AmJ57Gv5v4lS1mCVcQvJTysHHV1md72Xb5q1clLcSiaWjmHU670zRD6Gke/rle1nfZgffyWt4h6Ua2RxcxkMN+DXPd4uNvJc/gfrmzAZDwYC8+DVa02j1fJ0Kd4HF+qwfiIPklprHMlYmeITq3SzEZenVS/ulsY8IwFTSvLjrOJc7i4lzvErYaPQKsdm+WOIdWu827Mh5q7pfRzCLGaeWQ7w3UY33nzWM9Rjj5axhvPw0BzhvKxiVpNhzjwGZ8F2Cg0HoGZinDzxkL5PJxt5K7io44xZsbWN4Na0exUnqojiFowT8y49oy6aCqgn5F7WslbrFwLbRu5rzzrfVc5foqDgueY7Qtc0nxW4aO1vKQxOJzLQHes3mu8wVbBn7kzEozYfRETC5cFDnCmXUeVq6XOrpmKvnareVqrqhiCrmaoUyn1AVfOFCUKVRpCpMjSo0saCHNIq6pxFsR1jm6x1W3zJ3HqA4qfK1aZibtaaRx+1YDcGtyAUxCFnFpRXNAayofGwbGss0DwFz33Vxh2m73Wjrmiph/WarW1EXBzHNA1rcDn1rTrr7dSh0zSKh+Ux8k5wlqWR8pSTjbPBbXMRO8ltyDxHbfmwct7onPOEwTNJEkE0jWO3ga/KM7g64Wj15by0jW2AMjwxo4axsAOxIS+Ar2CrPDdE8RmtydJKQd7miNvbeQtW04f6J61+cssUA4DWld4DVHmiGy+hc/m037f/tsXQlQ6HaMsoInRtkdKXv13OcGtz1Q2wA2Dm8Sr5QkREQEREBERAREQYasfNv8AVd7Cub4viLaaB872ucxgBIbbWsXBuVyBvuulzDmnsPsXJdNx/o+p/ZX8CD7lydRG7VdOCdVsx0GnmHSZcvyR4StcwfxEavmtkhc1wDmkFpAILTkQcwQRtC4limENNJHVtPO5JnKgWF5XOYASANtnm9uDCc3Erreijr0VKf8AZ4v6YWOXHWsbq1x3tadSmx7Bxzv1m+9e4W5OXhvvPtKzU2xy5Z5dEcEbcvP4e9e4c3ALNSxXaVGY/VcCra1EK8zK8YwBfJ6YEdaxtqha6y0z+Zn/AIF37pb8XHq1fLWK7LWaU0YxAta9m0Ndfud/cFeMdlHKEjgqLA6y1Tq7ntI/eHOHkD4rhxzNbT6XdesWp5dPjrmkX2L66pbxCo4Jcke5dcdTZx9iFw+QcQoU5CrJFAqSeKn3X0j2/wBrCoIVbO9vEKtqbqulT3P0dj7WstVGNrgq+oxKPdcqumKiSOU9+0o7UQkVFY52zmjzVDVYbK5/zcb5S47GNc91znmGgnvU8vK3zQqjkaOXEZPOIv0XFga0N1SRYi5dvC1xTMzuVLxEQ0vDvR7isuym5Jv2pnMYP4bl34Vs9F6H321qirawb2xMLj3PeR/Kugflgjbrg8DFIT4hufmo09dUS5QxOe77Ut44m9ZB5x7m94W22TWMaw1kUFPhVMXOfNJa7rGQRa5fLK6wtln4ELoVBhVPAPmYY4uOoxrSe0gXKqcC0eFM6Sqmk+UVb286QgNayMZ8nG36rcu+yqJMXfUggvDQfqA2A7d5VbXiq1a7bi6uiH12+KyxStcLtIcOIIK12gp2hmqTn25jsRkPJu1mlwP+beKz7s/xftx/WyooeG1Rkab7QbZb+tTFrE7jbOY0IiKUCIiAiIgIvhK8OmaN6D24LlekNI6akmhZbXkic1tzYaxGWe5dLfXMC526a4IDtU5gHI2O429y5OqnU1n/AHw6en8xMOO1GFYnBFJDLTTOheGdHnhpjN2kOj1gBlYjfYbLBdc0Qd+Y0vEQRDwYAvvLVDdmpKL8Sw21hYbx0dbPiBxymxSkgEjVJAuLg2O8X3rnyZfXHDamP0yys97v5ivcBsSFjgOXe7+Yr5UOs5YWb1WOHSZlvH2r1W0d8wqp1RqkOHfxVpHiNxe2sOIIWmO1bV9Nmd62rb1VY6emOwqVWThjbb1G/KN8mNJPAXcf4WrBNhVbN0Y9W/1pHBvlmfJXiNRqkbV5nd501zE6i7itTkr+TnY/cxwJ7Ac/K66ZB6PpHfTVAbxEbbn+Jx9ynUno0wxpu+J1Q7jK9xae1jbNPgtMPTWj9kZeprrVUSNyyr7iFOI5XMaNVo6IGwNIuAOobO5eQVhManSYncbYpVAqAp8qrq4Zd6hKBO1V0wUqpbwO9R5gra0javmUOQKdMFEkV6qSm6I4cJ6yGNw1ma2s8HYWMBcQeo2t3ruwC5l6KMPdy0sxFmtYGNO4l7rm3YGea6cu3FH47cuSfLwYm/ZHgF6AA2ZL6i1UQcck1aeU/cI8Rb3rmdBx3hdA0wl1aV33i0ed/cuf4bk4jiubPPmG+GPEtjoHh1tzhsVzWVBFrha3AbELY3ODmtvtWVZ3Ew0tHmErBZwS4AWyB9qtVUYXqtfYbSD8Vbrrx/r5c1+RERXVEREHh77LC+QqQQvJjQQZHOUSS6tjAsbqMHegpXqiqcPYSSLtN93wOxbocNYdt15GEQ/ZJ7SVE1i3MJi0xw0F9FIOi4O7bj4rHrvHSYe0ZjyXR24dCP0be8X9qzMgYNjWjsACxt01J+msZ7w59R6xaNVj3m56LHnab52GSn/kSqlH0YiHGRzfY2/nZbqvhKrHS0+VvcW+GrQ6JfrZyeqNob5uvfyU+mwKkj2RBx4vLn37jl5K1cVjcFrXDSvEM7Zb25l4FQ1os1oaOAAA8FjfXu3BenALC8BaM2CXEZNyg1GJzfaspkgCgzgINV0jx6aGSOR7OWidzXkGzmkbLHZnc7eCnYVizag2hje7qOo11vG3mpk9MxwIIBB2ggEEdir6GgbTv1o283ey51e7O48VlfDW3lpXLaqxmZIOlDMP928jxAUGdzd4cO1rx7law48xvShkHqyvPkbKW3Sin3sqB3g/9axnpY/rTvz/ABp8rY+3sDisDqVzujHK/wBWKU+xq3xukUJ6MNS7sH/uszMTkd0KOpPW98TR/UKn2v2d/wCnPho9VuzFNIG7y/UjAHHnkHyVTPiMNOCTC6eYbBe0I63XAJ7l10x1TwRyUcIItcyPkdn90Bv8yrsP0FpWP5WW9RJe41+gD1M2eN1euCsKTmmX30dCd1IJpxZ8ri5rbWDYRZrABuBsT+8tpXwBCtojTKZ2+r45wGZNgq+tdLbmmy1TE6Spfte4jhuUiHpZpW2UvhDNRjDzXOPOe4XBIbbJueWdyqKlrW5G+e9WE2E1BAbJC2ojHRDw4PaNwbI0hwHbdeI9Fi7ZTVDPVlhc38bQfNcuXFe07h0Y70iNSshO0gOvt9qtaupAia4HgqNmik+wR1Nv+D98wVgNG6hzQwtnDeDn0jB4t1z5LLtZfPhr3MfjyjnSPkTrgB7xsaSQHE5WJANsjtst4wfEG1ELJWtLNYZtdbWaeGW3tWtYfoU0EOeGNI+8+Z3cXBrAf3Ctup4GsaGtFgPG/EldGDHekatLDNelp/GGRERbsRERAREQEREBERB8X1EQfF8IREHh4WIhEQYnhYHsKIgwvhJWF1C4oiD4MIcVkbgAO1EQZo9Hot4upcWFQt2NC+oglMiaNgAXtEQEREBERB8IC+ag4BEQfdUcF9REBERAREQEREBERB//2Q==",No,Barista Creations,The intensity provided is an estimate as this coffee does not have an official intensity level,Current,Medium,Medium,Medium,Medium,Medium,Medium,High,Low,Low,High
OL33,Cocoa Truffle,Original,Espresso,40ml,Cocoa Flavored,6.0,9.7,0.97,Dark and bitter cocoa flavour meets the malted cereal note of the base espresso in Barista Creations Cocoa Truffle.,It’s rich and reminiscent of dark chocolate truffles. The base espresso is a blend of the finest South American Arabicas – sweet Bourbon beans from Brazil in harmony with the washed Colombian beans. A split roast brings out the best in each to create an incredibly smooth and rounded espresso – a great match for that dark cocoa flavour. A distinct cocoa note with a touch of almond sweetness and a hint of vanilla – that’s how you’ll recognize a Barista Creations Cocoa Truffle cappuccino.,"Ristretto 25ml, Espresso 40ml, Cappuccino and Latte Macchiato",Cocoa,3.0,3.0,3.0,3.0,1.0,1.0,2.0,2.0,Roast and ground coffee,10,53 g,https://www.nespresso.com/ecom/medias/sys_master/public/16283400470558/cocoa-truffle-capsule-XL.png?impolicy=product&imwidth=150,https://www.nespresso.com/shared_res/agility/n-components/pdp/sku-main-info/coffee-sleeves/ol/cocoa-truffle_L.png,No,Barista Creations,The intensity provided is an estimate as this coffee does not have an official intensity level,Current,Medium,Medium,Medium,Medium,Medium,Medium,Low,Low,Medium,Medium
OL34,Vanilla Éclair,Original,Espresso,40ml,Vanilla Flavoured,6.0,9.7,0.97,"It’s in sweet harmony that Barista Creations Vanilla Éclair flavour blends into a round, smooth Latin American Arabica espresso.","The base blend of Brazilian and Colombian Arabicas is known for its smooth taste and malted cereal notes – a real classic roasted coffee aroma. Barista Creations Vanilla Éclair plays into that full flavour with its own richness. The vanilla flavour brings a velvety layer to the taste of this flavoured coffee. If you dare the decadence, try it as a cappuccino and taste sweet almond notes dancing through the creamy custard taste.","Ristretto 25ml, Espresso 40ml, Cappuccino and Latte Macchiato",Balanced,3.0,3.0,3.0,3.0,1.0,1.0,2.0,2.0,Roast and ground coffee,10,50 g,https://www.nespresso.com/ecom/medias/sys_master/public/16283622670366/vanilla-eclair-coffee-XL.png?impolicy=product&imwidth=150,https://www.nespresso.com/shared_res/agility/n-components/pdp/sku-main-info/coffee-sleeves/ol/vanilla-eclair_XL.png,No,Barista Creations,The intensity provided is an estimate as this coffee does not have an official intensity level,Current,Medium,Medium,Medium,Medium,Medium,Medium,Low,Low,Medium,Medium
OL35,Caramel Crème Brulle,Original,Espresso,40ml,Caramel Flavoured,6.0,9.7,0.97,Go ahead and dream a little. We did. The warming flavour of caramel softens the roasted notes of our most rounded and smooth espresso.,"Creamy notes of caramel, coconut and vanilla dance through Barista Creations Caramel Crème Brûlée. The base blend for this flavoured coffee consists of some of South America’s finest Arabicas. We blended Brazilian Bourbon beans with washed Colombian coffee and split roasted them to bring them into beautiful harmony. The roast really develops that smooth texture and rounded mouthfeel. It’s into that harmony that we add the caramel flavour to bring this treat to the next level. Try Barista Creations Caramel Crème Brûlée as a cappuccino – it’s exceptionally creamy and brings out those notes of vanilla and coconut.","Ristretto 25ml, Espresso 40ml, Cappuccino and Latte Macchiato",Balanced,3.0,3.0,3.0,3.0,1.0,1.0,2.0,2.0,Roast and ground coffee,10,50 g,https://www.nespresso.com/ecom/medias/sys_master/public/16107325259806/caramel-creme-brulee-XL.png?impolicy=product&imwidth=150,https://www.nespresso.com/shared_res/agility/n-components/pdp/sku-main-info/coffee-sleeves/ol/caramel-creme-brulee_L.png,No,Barista Creations,The intensity provided is an estimate as this coffee does not have an official intensity level,Current,Medium,Medium,Medium,Medium,Medium,Medium,Low,Low,Medium,Medium
